用户名,等级,排名
酷安小编,57,1
八百标兵,55,2
MiKu酱O,51,3
夜之浪子,50,4
岁纳京子,49,5
梨子,49,6
kingroot基,48,7
踏雪寻仙,48,8
alexkillers,48,9
卫兰6,48,10
星空未来,47,11
青衫五尺释门客,46,12
高桥李依,46,13
阿酷,46,14
喵喵小饭团,45,15
百里守雪皇,45,16
Flustered,45,17
糖果城day,45,18
原子悦,45,19
胖道士的闺女,45,20
Fince,45,21
EMK2000,45,22
橘猫520,45,23
zx8031,44,24
一个老用户,44,25
严肃的妄想家,44,26
toolazy,44,27
英雄崎凛,44,28
落霞孤鹜2018,44,29
无名狼辈,44,30
姚小贱yoyodadada,44,31
Check6,43,32
独角兽HMSUnicorn,43,33
不要看钟,43,34
晨钟_,43,35
炫芜,43,36
TayLin,43,37
Win视窗,43,38
一只帅魅影,43,39
宁静之雨,43,40
森林里的小动物,42,41
k岁月静好,42,42
ymckc,42,43
商纣王,42,44
泽野键盘afglhg,42,45
陌子颜丶,42,46
枫柠檬,42,47
黄福林,42,48
音,42,49
yc9559,42,50
嘌ACGN界丸的S昏君,42,51
假面小哥哥,41,52
Hades_Jesus,41,53
锂离子小哥哥,41,54
胶囊,41,55
NoHearter,41,56
潇风残月,41,57
weishu,41,58
更衣室大哥,41,59
djunxp,41,60
何夜秋来,40,61
季布小君子,40,62
要是是个女孩子就好了呢,40,63
苏凡,40,64
HUANG07,40,65
Anonymous709,40,66
小六233,40,67
Tanziow,40,68
一~枯舟,40,69
伏晨酱,40,70
丨阿菜丨,40,71
L倾雨,40,72
壁纸菌,40,73
pandecheng,40,74
Tyrant怪,40,75
我已试够离别并不很凄美,40,76
FireWin,39,77
一枝酉纤,39,78
乐猫团队,39,79
寒歌,39,80
不会系鞋带的柴犬,39,81
可以吃的A农地,39,82
佯慢,38,83
Hokai,38,84
u_box,38,85
沐浴森林客,38,86
秋明大佬,38,87
八级大比妞,38,88
萝莉控の胜利,38,89
茶杯,38,90
侧脸君,38,91
东方神草,37,92
伊藤诚培养有限公司,37,93
欢,37,94
一朝一暮,37,95
大统领,37,96
暴躁的蜗牛君,37,97
因是,37,98
极光ROM,37,99
麻豆时光,37,100
