用户名,应用数,排名
pandecheng,184,1
二喜,93,2
昆林科技,51,3
网易杭州,50,4
网易游戏2017,46,5
扑家工作室,40,6
yaxisvip,37,7
createlite,37,8
aijiuyou,35,9
taobaotaobao,32,10
百度在线,31,11
tenasama,30,12
嘛哒哒哟,27,13
messsssss,22,14
小米移动,21,15
MiKu酱O,21,16
ZHAN丶HONG,20,17
By_syk,20,18
两仪晨曦,19,19
腾讯立知,19,20
BansheeAlex,19,21
Rairmmd,18,22
番茄小酱,18,23
shinado,17,24
微软移动联新,17,25
讯飞输入法,16,26
geruidy,15,27
执念GG,15,28
丨阿菜丨,15,29
a247124718,14,30
广州虎牙珠海分公司,14,31
iam大头,14,32
fython,14,33
LittleGA,13,34
无回若空,13,35
liyicool,13,36
范梦辰,13,37
我需要你,13,38
y7eu7d7,13,39
Altoken,13,40
拒绝乱码,13,41
月银秋5990,12,42
xyfei168,12,43
adesk123,12,44
寒烟似雪,11,45
androidLi,11,46
xfy9326,11,47
何以忘忧,11,48
起何名字,11,49
暗组夏天,11,50
灵匠科技,11,51
云锐开发,11,52
sftmi,11,53
tumuyan,10,54
Nekoparadise,10,55
gz4399xx,10,56
中手游,10,57
车星人,10,58
devler,10,59
星空123456,10,60
XXXXJL,10,61
Wuyi无疑,10,62
檀轶步棋,10,63
Peter1303,10,64
Candy666,10,65
Kageokuri,10,66
dminter,9,67
石兰科技,9,68
Zero丶cheng,9,69
识君互娱,9,70
淘腾互动,9,71
手机用户1955455781,9,72
Aoang,9,73
hfitp,9,74
哒哒出品,9,75
不道_,9,76
louis_0o0,9,77
ganzhijie85,9,78
qq7895491,9,79
baixun,9,80
小林由依,9,81
Specher,9,82
婷b,9,83
WeAreFun,9,84
罗July,9,85
Morning_Frost晨霜,9,86
筱敏天然萌,8,87
NatureLWP,8,88
索尼中国体验店客服,8,89
住在地球真累,8,90
金山移动Office,8,91
XY科技,8,92
HKEY工作室,8,93
doudoubird,8,94
黄星岚,8,95
dtwdtw,8,96
BillyZuo,8,97
forever361,8,98
小生是良民,8,99
hisnstudio,8,100
aibaozm,8,101
请叫我马少,8,102
liwind,8,103
tonybiu,8,104
SmileIDE,8,105
GLGJing,8,106
一块小板子,8,107
无人问津的小影,8,108
xyznh,8,109
Nivayal,8,110
Rachel030219,8,111
风芒时代,8,112
Lerist,8,113
韩叔,8,114
djwdj,8,115
iota9star,8,116
陈校长AyoM,8,117
hjthjthjt,8,118
超卓科技,7,119
ElevenChenEx,7,120
FishingNet,7,121
结构大师,7,122
SONY香港公司,7,123
睡神飞工作室,7,124
ludeqingyun,7,125
林智清,7,126
cp9xiaowuzun,7,127
~@,7,128
Delsart,7,129
bettychen,7,130
杭州米大网络科技有限公司,7,131
素槿,7,132
ididikee,7,133
androids7,7,134
风一点也不澈,7,135
全能小太阳,7,136
大白2017,7,137
youkuapp,7,138
xiaofei_dev,7,139
baozha,7,140
渺渺真人,7,141
various,7,142
yeliangchen,6,143
wangqi060934,6,144
nondanee,6,145
莳芄,6,146
ZeroSimple,6,147
zhihaofans,6,148
Masuku,6,149
取啥网名呢,6,150
Sloth科技,6,151
千羽樱,6,152
Jack_Black,6,153
白白White,6,154
武汉帧迹科技有限公司,6,155
lionfishforever,6,156
琴剑天逸远,6,157
八步标乒,6,158
IceSimbaGame,6,159
huangtongx,6,160
junyuecao,6,161
huachunchun,6,162
麦芽糖技术,6,163
crazypig321,6,164
seaase,6,165
hanks_zyh,6,166
狐狸萌萌哒,6,167
kongzue,6,168
白花花的大胸,6,169
feimaobangbang,6,170
jiMI2333,6,171
上海幻电,6,172
cyningxu,6,173
小鬼king,6,174
老子开发,6,175
麻豆时光,6,176
东芝,6,177
Tyrant怪,6,178
xzr467706992,5,179
零微凉,5,180
veryyoung,5,181
HuangFangzhi,5,182
AidenWong,5,183
cynthia_2015528,5,184
i38me,5,185
街角的咖啡店,5,186
X分身,5,187
滴血罂粟,5,188
烧风,5,189
ferris1998,5,190
douban,5,191
噬心i,5,192
印记,5,193
星V尘,5,194
DeclareM,5,195
Cashion,5,196
千网在线,5,197
crane0116,5,198
weihuagu,5,199
51信用卡,5,200
西窗文化,5,201
陈宏察er,5,202
菁优网jyeoo,5,203
zuzu侠,5,204
我王汉三又回来了,5,205
Adymilk,5,206
狐之空,5,207
索爱非爱,5,208
MixiaoxiaoTeam,5,209
烟花小神,5,210
Mozys,5,211
电魂网络,5,212
KbDance,5,213
yu1222,5,214
早道,5,215
凯钿软件,5,216
神S坂花火,5,217
TTclub团队,5,218
梦中芳华,5,219
白羊唐黎明,5,220
娃娃是我,5,221
scyanghe,5,222
deserthouse,5,223
月华@,5,224
佳能互动,5,225
网易传媒科技,5,226
trustlook,5,227
伊波杏,5,228
优智科技,5,229
Mystery0,5,230
linchangyu,5,231
duoyiwangluo,5,232
chinaapp,5,233
SunshineGzc,5,234
郭大宝,5,235
yuanwofei,5,236
zhangbi18,5,237
咸鱼c,5,238
frowhy,5,239
lingyu0,5,240
david082321,5,241
乐猫团队,5,242
Dreagonmon,5,243
夜凌麒麟,5,244
流浪星旅人,5,245
寒歌,5,246
drakeet,5,247
l465659833,5,248
gtf32,5,249
little_cup,5,250
