用户名,动态数,排名
夜之浪子,14488,1
Fince,8731,2
pandecheng,7459,3
EMK2000,5707,4
八百标兵,5403,5
岁纳京子,5216,6
RC从零开始,5055,7
DBin_K,4922,8
原子悦,4368,9
阿明1975,4098,10
高桥李依,4060,11
ymckc,3980,12
英雄崎凛,3965,13
酷安小编,3889,14
更衣室大哥,3769,15
k岁月静好,3733,16
踏雪寻仙,3512,17
小酷酷,3427,18
行香子,3405,19
维生素茜,3371,20
微信撩骚,3093,21
Xushet,2993,22
zesty,2987,23
绯色の炎,2874,24
梨子,2820,25
我是笑话,2674,26
千舞梦三,2605,27
和尚洗头用海飞丝,2480,28
Meredy,2479,29
黑山老妖黑,2437,30
gujiangjiang,2405,31
没有用户名的Android机器人,2378,32
黄福林,2353,33
八云紫妈,2351,34
solovid,2246,35
Grado_Labs,2226,36
TouwaErio,2203,37
阿酷,2195,38
Nyan_Cat,2193,39
無名可起,2186,40
moexizer,2180,41
伏晨酱,2168,42
QQ2223274676,2122,43
一字,2118,44
郁闷人,2093,45
掠风窃尘D鬼鸟,2064,46
feemo,1978,47
早乙女亂子,1960,48
tyzrj766,1958,49
窝要吃了你的PY,1902,50
hk流星,1892,51
sftmi,1851,52
haseoxth,1849,53
卷上青墨,1839,54
暴躁的蜗牛君,1834,55
枫柠檬,1807,56
科学松鼠会,1804,57
suesyria,1797,58
SmasFan,1790,59
虎小八,1766,60
大统领,1752,61
星空下幻想,1744,62
Hokai,1738,63
hs20073,1707,64
可以吃的A农地,1703,65
fsxitutu,1693,66
少侠就是我啊,1691,67
酷宇小编,1683,68
丿魸,1682,69
风起大大,1664,70
雪本柚子,1660,71
烈日如火,1652,72
喵帕坷垃酱黑鴨,1652,73
Hesitate_JimiFa,1647,74
mooooo,1641,75
zjszjs,1639,76
小怪兽绘梨衣,1623,77
胡同口卖菜的,1613,78
你听得到我的话吗,1606,79
金木盐,1573,80
神马都是神马,1567,81
普通的路人甲,1559,82
WeAreFun,1559,83
一个老用户,1553,84
翊翾1989,1536,85
净化急先锋,1535,86
OldmenPlus,1533,87
FyLab,1513,88
内涵,1508,89
天上空气,1504,90
QQ646581412,1503,91
BMO2017,1503,92
一纸希壁纸控,1501,93
被终结者,1497,94
泽野键盘afglhg,1488,95
cv0cv0,1483,96
Kanmurimori,1481,97
zhyjljj,1472,98
行旅途,1458,99
Mmx888,1457,100
